library/loremipsum.txt,library/ham_1.bmp,
library/loremipsum.txt,library/hig_1.bmp,
library/loremipsum.txt,library/hik_1.bmp,
library/loremipsum.txt,library/hok_1.bmp,
library/loremipsum.txt,library/kan_1.bmp,
library/loremipsum.txt,library/kou_1.bmp,
library/loremipsum.txt,library/mar_1.bmp,
library/loremipsum.txt,library/mid_1.bmp,
library/loremipsum.txt,library/mit_1.bmp,
library/loremipsum.txt,library/non_1.bmp,
library/loremipsum.txt,library/sak_1.bmp,
library/loremipsum.txt,library/sin_1.bmp,
library/loremipsum.txt,library/su2_1.bmp,
library/loremipsum.txt,library/sum_1.bmp,
library/loremipsum.txt,library/yo2_1.bmp,
library/loremipsum.txt,library/you_1.bmp,
library/loremipsum.txt,library/yuk_1.bmp,
